City,Cloudiness,Country,Date,Humidity,Lat,Lng,Temp,Max Temp,Wind Speed
Portland,1,US,1582271432,65,45.52,-122.68,37.74,44.6,2.59
Coyhaique,0,CL,1582271704,93,-45.58,-72.07,39.2,39.2,3.18
Windhoek,77,NA,1582271533,73,-22.56,17.08,71.83,73.99,3.36
Fairbanks,75,US,1582271701,92,64.84,-147.72,12.76,15.01,2.21
Te Anau,5,NZ,1582271705,79,-45.42,167.72,51.73,51.73,7.31
Provideniya,0,RU,1582271705,79,64.38,-173.3,-12.48,-12.48,11.27
Mataura,83,NZ,1582271705,78,-46.19,168.86,57.99,57.99,14
Lompoc,1,US,1582271706,65,34.64,-120.46,47.16,51.01,5.82
Kapaa,90,US,1582271706,78,22.08,-159.32,71.1,73.4,19.46
Arraial do Cabo,49,BR,1582271706,89,-22.97,-42.03,76.3,76.3,6.06
Port Alfred,62,ZA,1582271539,83,-33.59,26.89,73.99,73.99,1.01
Khatanga,100,RU,1582271706,97,71.97,102.5,-1.12,-1.12,9.01
Punta Arenas,20,CL,1582271707,76,-53.15,-70.92,53.01,53.01,23
Ushuaia,40,AR,1582271692,67,-54.8,-68.3,57.2,57.2,18.34
Avarua,100,CK,1582271707,94,-21.21,-159.78,80.6,80.6,10.29
Tuktoyaktuk,100,CA,1582271707,97,69.45,-133.04,-6.03,-6.03,8.32
Lebu,0,CL,1582271708,50,-37.62,-73.65,53.49,53.49,1.99
Nikolskoye,20,RU,1582271708,80,59.7,30.79,36.36,37.99,11.18
Pucallpa,75,PE,1582271708,83,-8.38,-74.55,80.6,80.6,4.7
Yarmouth,1,US,1582271709,48,41.71,-70.23,21.96,26.6,11.41
Flinders,90,AU,1582271709,77,-34.58,150.86,68.81,72,8.05
Margate,100,GB,1582271709,80,51.38,1.39,41.72,45,12.75
George Town,20,MY,1582271573,39,5.41,100.34,95,95,16.11
Constitucion,0,CL,1582271709,73,-35.33,-72.42,53.31,53.31,5.19
Dunedin,99,NZ,1582271678,81,-45.87,170.5,57.99,57.99,17.54
Jamestown,90,US,1582271591,72,42.1,-79.24,17.08,21,5.82
Alto Araguaia,100,BR,1582271710,95,-17.31,-53.22,68.25,68.25,5.37
Pandan Niog,14,PH,1582271710,81,6.23,120.56,79.88,79.88,20.42
Hermanus,0,ZA,1582271710,76,-34.42,19.23,71.56,72,4
Port-Gentil,40,GA,1582271711,83,-0.72,8.78,84.2,84.2,9.17
Castro,68,BR,1582271711,99,-24.79,-50.01,63.48,63.48,2.19
Tanhacu,3,BR,1582271711,95,-14.02,-41.25,69.91,69.91,3.02
Bluff,46,NZ,1582271712,78,-46.6,168.33,57.99,57.99,14
Lianran,20,CN,1582271712,39,24.92,102.48,64.26,66.2,13.42
Kiryat Gat,75,IL,1582271712,59,31.61,34.76,62.33,63,9.17
Luderitz,30,NA,1582271712,68,-26.65,15.16,71.6,71.6,11.41
Mount Pleasant,90,US,1582271713,93,32.79,-79.86,37.81,39,10.29
Kodiak,90,US,1582271713,58,57.79,-152.41,30.2,30.2,9.17
Natal,75,BR,1582271498,94,-5.79,-35.21,74.3,75.2,4.7
Wukari,54,NG,1582271713,14,7.85,9.78,88.61,88.61,10.13
Tiksi,100,RU,1582271714,87,71.69,128.87,-2.2,-2.2,10.47
New Norfolk,40,AU,1582271714,47,-42.78,147.06,58.64,61,18.34
Qaanaaq,0,GL,1582271714,51,77.48,-69.36,-14.26,-14.26,4.65
Santa Margherita Ligure,0,IT,1582271715,66,44.33,9.21,48.72,55.99,3.36
Hobart,20,AU,1582271424,41,-42.88,147.33,59.18,61,17.22
Tasiilaq,96,GL,1582271715,73,65.61,-37.64,19.4,19.4,1.12
Rikitea,35,PF,1582271715,73,-23.12,-134.97,77.83,77.83,11.34
Nuuk,100,GL,1582271715,84,64.18,-51.72,8.29,8.6,8.05
Pacific Grove,1,US,1582271716,70,36.62,-121.92,49.12,54,7.49
Sinnamary,99,GF,1582271716,78,5.38,-52.95,78.21,78.21,12.91
Teya,100,RU,1582271716,91,60.38,92.63,24.89,24.89,4.5
Kavieng,1,PG,1582271716,76,-2.57,150.8,83.95,83.95,10.13
Umm Kaddadah,97,SD,1582271716,13,13.6,26.69,77.58,77.58,18.66
San Lorenzo,27,PY,1582271717,61,-25.33,-57.53,70.29,70.29,10.31
Batemans Bay,100,AU,1582271717,70,-35.72,150.18,63.79,66.99,5.01
Fortuna,1,US,1582271717,100,40.6,-124.16,40.98,42.8,9.17
Cape Town,0,ZA,1582271717,77,-33.93,18.42,70.29,75,14.99
Monrovia,75,LR,1582271717,94,6.3,-10.8,77,77,5.82
Pontian Kecil,40,MY,1582271718,74,1.48,103.39,83.48,86,13.87
Yuzhne,40,UA,1582271718,71,46.62,31.1,33.8,33.8,6.71
Zhigansk,100,RU,1582271718,96,66.77,123.37,-5.44,-5.44,20.4
Barrow,20,US,1582271718,75,71.29,-156.79,-16.6,-16.6,9.17
Porto-Novo,20,BJ,1582271718,94,6.5,2.6,80.6,80.6,3.36
Boyolangu,100,ID,1582271719,86,-8.12,111.89,80.38,80.38,3.04
Caucaia,100,BR,1582271719,83,-3.74,-38.65,76.69,77,8.05
Bure,0,ET,1582271719,17,10.7,37.07,87.31,87.31,5.64
Kahului,1,US,1582271719,68,20.89,-156.47,67.84,71.6,11.41
Atuona,100,PF,1582271720,78,-9.8,-139.03,81.48,81.48,18.88
Karonga,99,MW,1582271720,67,-9.93,33.93,82.18,82.18,2.55
Opuwo,100,NA,1582271720,25,-18.06,13.84,79.92,79.92,3.36
Esperance,69,AU,1582271720,34,-33.87,121.9,78.8,78.8,11.41
Tuatapere,62,NZ,1582271720,78,-46.13,167.68,57.99,57.99,14
Ubari,0,LY,1582271721,38,26.59,12.78,60.44,60.44,12.15
Saint-Joseph,20,RE,1582271721,62,-21.37,55.62,79.83,84.2,19.46
Upernavik,100,GL,1582271721,98,72.79,-56.15,-16.49,-16.49,2.08
Pangai,0,TO,1582271721,77,-19.8,-174.35,78.13,78.13,14.99
Kailua,75,US,1582271721,77,21.4,-157.74,71.06,73.4,13.87
Buenos Aires,0,AR,1582271722,62,-34.61,-58.38,55.11,59,5.82
Lopsmarka,40,NO,1582271722,72,67.31,14.45,36.99,39,6.93
Lima,75,PE,1582271558,88,-12.04,-77.03,73.4,73.4,5.82
Yellowknife,20,CA,1582271668,85,62.46,-114.35,17.29,17.6,9.17
Bolshaya Dzhalga,100,RU,1582271722,73,45.97,42.7,40.64,40.64,14.2
Schoenebeck,84,DE,1582271723,71,52.02,11.75,41.85,43,7
Cabadiangan,73,PH,1582271723,61,9.75,122.47,83.61,83.61,19.35
Noumea,75,NC,1582271723,61,-22.28,166.46,83.66,84.99,6.93
Puerto Ayora,72,EC,1582271724,89,-0.74,-90.35,77.07,77.07,7.25
Valparaiso,90,CL,1582271577,87,-33.04,-71.63,58.71,60.8,2.24
Chui,0,UY,1582271724,72,-33.7,-53.46,57.36,57.36,13.69
Albany,1,US,1582271701,100,42.6,-73.97,11.44,17.6,5.82
Cururupu,100,BR,1582271724,99,-1.83,-44.87,71.87,71.87,2.24
May Pen,20,JM,1582271725,69,17.96,-77.25,74.21,78.8,5.82
Aksu,0,CN,1582271725,21,41.12,80.26,46.67,46.67,3.36
Vaini,20,TO,1582271745,83,-21.2,-175.2,77,77,6.93
Chokurdakh,21,RU,1582271745,100,70.63,147.92,-21.33,-21.33,1.83
Bredasdorp,0,ZA,1582271746,60,-34.53,20.04,72.79,73.4,5.12
Dikson,51,RU,1582271746,93,73.51,80.55,-0.42,-0.42,17.78
Bambous Virieux,20,MU,1582271746,58,-20.34,57.76,83.62,84.2,11.41
Bathsheba,20,BB,1582271746,73,13.22,-59.52,77,77,16.11
Kikwit,98,CD,1582271747,49,-5.04,18.82,91.26,91.26,2.68
Morehead,1,US,1582271747,67,37.27,-87.18,23.56,24.8,4.7
Pokhara,82,NP,1582271692,29,28.23,83.98,74.39,74.39,3.49
Hilo,90,US,1582271747,77,19.73,-155.09,66.9,69.8,7.7
Proletariy,23,RU,1582271747,68,58.43,31.7,38.08,38.08,12.97
Muros,20,ES,1582271748,100,42.78,-9.06,45.68,52,6.93
Tiarei,20,PF,1582271748,78,-17.53,-149.33,80.33,80.6,3.36
Lorengau,33,PG,1582271748,76,-2.02,147.27,83.62,83.62,9.69
Busselton,93,AU,1582271748,9,-33.65,115.33,90.07,91,15.26
Mehamn,75,NO,1582271748,92,71.04,27.85,26.47,30.2,34.45
Pizarro,100,CO,1582271749,81,4.95,-77.37,79.86,79.86,5.75
Zhezkazgan,90,KZ,1582271749,85,47.8,67.71,24.8,24.8,11.18
Airai,95,TL,1582271749,91,-8.93,125.41,72.45,72.45,2.71
Butaritari,67,KI,1582271749,80,3.07,172.79,83.43,83.43,10.6
Teguldet,100,RU,1582271750,93,57.31,88.17,26.06,26.06,8.84
Bud,1,US,1582271750,85,39.45,-86.18,17.15,19.99,5.82
Bengkulu,52,ID,1582271750,71,-3.8,102.27,83.82,83.82,4.54
Ca Mau,23,VN,1582271750,42,9.18,105.15,89.74,89.74,17.38
Borogontsy,100,RU,1582271751,97,62.67,131.17,-5.08,-5.08,7
Werda,49,BW,1582271751,38,-25.27,23.28,86.43,86.43,1.88
Vao,0,NC,1582271751,74,-22.67,167.48,79.92,79.92,14.16
Hamilton,1,US,1582271513,79,39.18,-84.53,17.98,21,3.65
Bethel,5,US,1582271751,61,41.37,-73.41,19.13,23,9.24
Huarmey,52,PE,1582271752,83,-10.07,-78.15,71.1,71.1,1.77
Torbay,20,CA,1582271752,60,47.67,-52.73,10.04,10.99,21.92
Mar del Plata,75,AR,1582271599,82,-38,-57.56,57.33,57.99,13.87
Kargil,0,IN,1582271752,62,34.57,76.1,13.68,13.68,3.71
Aktash,96,RU,1582271753,78,50.3,87.73,23.32,23.32,3.38
Mawlaik,100,MM,1582271753,18,23.63,94.42,91.36,91.36,1.74
Isangel,18,VU,1582271753,82,-19.55,169.27,78.82,78.82,14.2
Iquique,90,CL,1582271753,83,-20.22,-70.14,69.8,69.8,8.05
Mustafakemalpasa,75,TR,1582271753,81,40.04,28.41,45.81,48,26.4
Port Lincoln,12,AU,1582271754,68,-34.73,135.87,64.38,64.38,15.99
Ancud,0,CL,1582271754,76,-41.87,-73.82,50,50,9.17
Belyy Yar,100,RU,1582271754,64,53.6,91.39,33.8,33.8,13.42
Abu Dhabi,20,AE,1582271560,78,24.47,54.37,74.25,75.2,9.17
Rangia,20,IN,1582271754,51,26.47,91.63,82.4,82.4,12.75
Talnakh,82,RU,1582271755,85,69.49,88.4,12.2,12.2,4.47
Pleshanovo,100,RU,1582271755,92,52.83,53.48,30.06,30.06,4.14
Quryq,100,KZ,1582271755,59,43.2,51.65,44.65,44.65,7.25
Bongandanga,65,CD,1582271755,52,1.5,21.05,89.24,89.24,3.33
Ekibastuz,100,KZ,1582271755,81,51.67,75.37,29.53,29.53,5.19
Arnes,0,NO,1582271756,65,60.12,11.47,33.26,37,13.87
Nador,40,MA,1582271756,77,35.17,-2.93,58.48,60.8,8.05
Hasaki,20,JP,1582271756,53,35.73,140.83,52.12,54,9.17
Kirkland Lake,75,CA,1582271756,71,48.14,-80.04,8.6,8.6,14.99
Goderich,90,CA,1582271757,57,43.75,-81.72,16.63,23,1.99
Tabuk,68,PH,1582271757,77,17.42,121.44,73.98,73.98,5.26
Kununurra,38,AU,1582271757,33,-15.77,128.73,100.4,100.4,5.82
Petropavlovsk-Kamchatsky,100,RU,1582271757,51,53.05,158.65,12.2,12.2,4.47
Salta,90,AR,1582271721,93,-24.79,-65.41,60.57,62.6,5.82
Dauphin,1,CA,1582271758,68,51.15,-100.05,28.4,28.4,26.4
Thompson,5,CA,1582271487,73,55.74,-97.86,19.4,19.4,6.93
Saint Anthony,1,US,1582271758,78,45.02,-93.22,9.7,12.99,8.05
Guerrero Negro,100,MX,1582271759,57,27.98,-114.06,64.47,64.47,7.29
Sarkand,100,KZ,1582271759,94,45.41,79.92,36.41,36.41,1.92
Padang,0,ID,1582271759,58,-0.95,100.35,83.37,83.37,3.71
Dalby,40,AU,1582271759,51,-27.18,151.27,84.2,84.2,13.87
Olinda,20,BR,1582271760,88,-8.01,-34.86,77,77,2.01
Okotoks,5,CA,1582271609,19,50.73,-113.98,26.6,39.2,14.99
Grindavik,100,IS,1582271760,65,63.84,-22.43,32,32,19.46
Rapid Valley,1,US,1582271760,62,44.06,-103.15,22.05,32,5.82
Sabrum,58,IN,1582271760,23,23,91.73,88.41,88.41,4.43
Longyearbyen,75,SJ,1582271761,77,78.22,15.64,3.2,3.2,1.12
Saint George's,0,GD,1582271761,76,12.06,-61.75,78.08,78.08,15.73
Plyussa,100,RU,1582271761,66,58.43,29.37,37.65,37.65,13.35
Tiznit,0,MA,1582271761,17,29.58,-9.5,61.18,61.18,28.01
East London,40,ZA,1582271761,78,-33.02,27.91,73.4,73.4,2.24
Onguday,98,RU,1582271762,77,50.75,86.15,23.45,23.45,5.41
Faya,0,SA,1582271762,35,18.39,42.45,70.66,71.6,9.17
Dehloran,0,IR,1582271762,48,32.69,47.27,67.26,67.26,7.92
Beringovskiy,0,RU,1582271762,85,63.05,179.32,-15.63,-15.63,0.4
Ampanihy,20,MG,1582271762,39,-24.7,44.75,92.93,92.93,8.25
Rawlins,1,US,1582271763,59,41.79,-107.24,3.9,19.4,5.17
Klaksvik,50,FO,1582271763,75,62.23,-6.59,41,41,16.11
Touros,75,BR,1582271763,100,-5.2,-35.46,73.4,73.4,3.36
Mogadishu,75,SO,1582271763,66,2.04,45.34,86,86,14.99
Astoria,1,US,1582271764,71,46.19,-123.83,33.21,37.99,4.7
Pangkalanbuun,100,ID,1582271708,89,-2.68,111.62,82.18,82.18,2.73
Sisimiut,100,GL,1582271764,81,66.94,-53.67,-5.01,-5.01,7.83
Saint-Philippe,20,RE,1582271764,62,-21.36,55.77,79.79,84.2,19.46
Nanortalik,100,GL,1582271765,87,60.14,-45.24,25.5,25.5,5.55
Saldanha,7,ZA,1582271765,78,-33.01,17.94,68,68,11.41
Rio Grande,0,BR,1582271765,68,-32.03,-52.1,63.03,63.03,18.72
Poum,21,NC,1582271765,77,-20.23,164.02,81.05,81.05,11.03
Duldurga,58,RU,1582271765,76,50.68,113.59,16.95,16.95,7.67
Narsaq,100,GL,1582271766,28,60.92,-46.05,30.2,30.2,11.41
Saint-Pierre,20,RE,1582271766,62,-21.34,55.48,79.9,84.2,19.46
Zemio,15,CF,1582271786,12,5.03,25.14,96.51,96.51,8.41
Hobyo,17,SO,1582271786,51,5.35,48.53,89.08,89.08,18.95
Taoudenni,0,ML,1582271786,13,22.68,-3.98,74.84,74.84,11.36
Norman Wells,40,CA,1582271787,85,65.28,-126.83,23,23,8.05
Iqaluit,20,CA,1582271787,58,63.75,-68.51,-36.2,-36,11.41
Sitka,90,US,1582271787,80,57.05,-135.33,38.52,41,12.75
Washougal,1,US,1582271490,92,45.58,-122.35,37.44,44.6,2.59
Salalah,75,OM,1582271788,57,17.02,54.09,80.6,80.6,9.17
Carnarvon,67,AU,1582271788,62,-24.87,113.63,87.8,87.8,17.22
Pisco,100,PE,1582271788,83,-13.7,-76.22,72.73,73.4,4.7
Henties Bay,93,NA,1582271789,95,-22.12,14.28,64.99,64.99,7.07
Saint George,1,US,1582271699,18,37.1,-113.58,42.84,44.6,13.87
Cabo San Lucas,28,MX,1582271752,64,22.89,-109.91,64.58,66,6.76
Caravelas,0,BR,1582271789,83,-17.71,-39.25,80.1,80.1,9.46
Bar Harbor,1,US,1582271789,59,44.39,-68.2,3.4,10.99,3.36
Sao Jose dos Pinhais,75,BR,1582271790,100,-25.53,-49.21,68,68,4.7
Severo-Kuril'sk,94,RU,1582271790,86,50.68,156.12,10.13,10.13,8.95
Mahebourg,20,MU,1582271790,58,-20.41,57.7,83.66,84.2,11.41
Mount Isa,0,AU,1582271790,15,-20.73,139.5,100.4,100.4,8.05
Methoni,40,GR,1582271790,66,36.82,21.7,52.36,53.01,4.7
Husavik,90,IS,1582271791,93,66.04,-17.34,32,32,9.17
Lagoa,0,PT,1582271791,71,39.05,-27.98,57.63,57.63,10.96
Waipawa,100,NZ,1582271791,83,-41.41,175.52,68.38,71.01,26.4
Ghatanji,0,IN,1582271791,26,20.13,78.32,92.55,92.55,8.46
Bosaso,39,SO,1582271792,83,11.28,49.18,78.8,78.8,9.17
Aswan,0,EG,1582271792,25,24.09,32.91,69.91,69.91,8.95
Hikari,40,JP,1582271792,50,33.95,131.95,55.35,57.2,4.7
Ribeira Grande,75,PT,1582271792,71,38.52,-28.7,57.2,57.2,10.29
Balclutha,81,NZ,1582271793,65,-46.23,169.75,57.99,57.99,8.01
Westport,1,US,1582271793,44,41.14,-73.36,20.59,25,8.05
Port Moresby,20,PG,1582271793,55,-9.44,147.18,91.4,91.4,11.41
Grodzisk Wielkopolski,75,PL,1582271793,93,52.23,16.37,39.97,41,18.34
Shenjiamen,0,CN,1582271793,82,29.96,122.3,54.72,54.72,9.64
Sao Filipe,68,CV,1582271794,76,14.9,-24.5,69.46,69.46,18.88
Ormara,100,PK,1582271794,64,25.21,64.64,72.88,72.88,17.63
Bilibino,100,RU,1582271794,99,68.05,166.44,-22.31,-22.31,1.5
Rawson,81,AR,1582271794,72,-43.3,-65.1,55.54,55.54,15.26
Sao Sebastiao,28,BR,1582271794,81,-23.76,-45.41,80.58,80.58,8.14
Geraldton,100,AU,1582271795,69,-28.77,114.6,78.8,78.8,11.41
Rocha,51,UY,1582271795,84,-34.48,-54.33,55.53,55.53,11.23
Kalmar,67,SE,1582271795,86,56.66,16.36,39.38,39.99,12.75
Yvetot,92,FR,1582271796,100,49.62,0.76,36.45,37.99,5.82
Alyangula,100,AU,1582271796,88,-13.85,136.42,78.8,78.8,6.93
Deer Lake,90,CA,1582271530,71,49.17,-57.43,5,5,9.17
Sao Felix do Xingu,100,BR,1582271796,99,-6.64,-51.99,70.2,70.2,1.25
Tura,100,IN,1582271796,28,25.52,90.22,87.78,87.78,5.68
Kungurtug,59,RU,1582271797,78,50.6,97.52,16.54,16.54,1.7
Svetlaya,13,RU,1582271797,72,46.54,138.33,22.64,22.64,11.56
Antalaha,100,MG,1582271797,62,-14.9,50.28,82.94,82.94,5.48
Port Augusta,0,AU,1582271797,53,-32.5,137.77,71.6,71.6,26.4
Marabu,75,MY,1582271781,63,4.41,114.01,91.4,91.4,16.11
Kainantu,100,PG,1582271798,96,-6.29,145.87,64.26,64.26,1.54
Praia da Vitoria,20,PT,1582271798,71,38.73,-27.07,51.8,51.8,10.47
Muroto,40,JP,1582271798,50,33.28,134.15,57.2,57.2,4.7
Plainview,1,US,1582271798,45,40.78,-73.47,21.76,25,11.41
Khorixas,67,NA,1582271799,46,-20.37,14.97,81.93,81.93,3.78
Neryungri,89,RU,1582271799,93,56.67,124.65,-4.25,-4.25,4.43
Springbok,0,ZA,1582271799,28,-29.66,17.89,86.04,86.04,3.15
Bonavista,10,CA,1582271799,65,48.65,-53.11,9,9,20
Leningradskiy,100,RU,1582271800,93,69.38,178.42,-6.84,-6.84,20.04
Morondava,78,MG,1582271800,70,-20.28,44.28,85.39,85.39,7.09
Hit,0,IQ,1582271800,51,33.64,42.83,63.12,63.12,3.47
Khuzhir,0,RU,1582271800,83,53.19,107.34,21.11,21.11,9.15
Troy,1,US,1582271560,72,42.61,-83.15,13.77,18,4.7
Amahai,100,ID,1582271801,69,-3.33,128.92,84.24,84.24,4
Valdivia,0,CL,1582271801,100,-39.81,-73.25,44.6,44.6,3.36
Dali,23,CN,1582271801,27,25.7,100.18,66.33,66.33,5.77
Port Pirie,0,AU,1582271801,53,-33.18,138.02,71.6,71.6,26.4
Saskylakh,90,RU,1582271801,98,71.92,114.08,-7.62,-7.62,3.22
Amga,100,RU,1582271802,94,60.9,131.96,-0.44,-0.44,4.99
Bondo,87,CD,1582271802,15,3.81,23.69,95.25,95.25,5.59
Vestmannaeyjar,20,IS,1582271690,86,63.44,-20.27,33.8,33.8,16.11
Mindelo,40,CV,1582271802,72,16.89,-24.98,68,68,25.28
Encheng,0,CN,1582271803,51,22.18,112.3,75.99,75.99,7.2
Martvili,40,GE,1582271803,70,42.41,42.38,48.2,48.2,2.24
Wewak,83,PG,1582271803,84,-3.55,143.63,79.03,79.03,11.16
Fare,4,PF,1582271804,79,-16.7,-151.02,81.63,81.63,15.99
Turukhansk,99,RU,1582271804,96,65.82,87.98,26.67,26.67,2.24
Szekkutas,67,HU,1582271804,100,46.5,20.53,36.45,39,9.17
Meulaboh,0,ID,1582271804,70,4.14,96.13,84.58,84.58,10.09
Cherskiy,95,RU,1582271804,98,68.75,161.3,-14.94,-14.94,1.95
Pevek,100,RU,1582271805,98,69.7,170.31,-9.13,-9.13,8.84
Newport,90,GB,1582271805,87,51.59,-3,43.66,46,14.99
Mozarlandia,100,BR,1582271805,95,-14.74,-50.57,71.35,71.35,4.09
Yerbogachen,100,RU,1582271805,92,61.28,108.01,21.51,21.51,12.21
Cidreira,100,BR,1582271805,66,-30.18,-50.21,69.08,69.08,18.01
Misratah,73,LY,1582271806,68,32.38,15.09,59.02,59.02,13.65
Kremenchuk,90,UA,1582271806,67,49.1,33.42,38.48,38.48,6.4
Gemeente Harderwijk,75,NL,1582271806,93,52.33,5.62,41.22,45,10.29
Okhotsk,0,RU,1582271806,80,59.38,143.3,-13.4,-13.4,6.31
Santa Rosa,40,PH,1582271807,46,14.31,121.11,87.3,89.6,17.22
Kruisfontein,0,ZA,1582271807,50,-34,24.73,80.94,80.94,3.22
Ponta do Sol,40,PT,1582271827,71,32.67,-17.1,53.85,57.2,11.41
San Cristobal,100,VE,1582271827,93,7.77,-72.22,51.78,51.78,2.8
Birao,98,CF,1582271827,14,10.28,22.79,86.74,86.74,16.58
Santa Maria,0,BR,1582271828,77,-29.68,-53.81,52.48,52.48,4.83
Aguimes,20,ES,1582271828,62,27.91,-15.45,59,59,10.29
Iquitos,75,PE,1582271828,94,-3.75,-73.25,77,77,6.93
Rome,40,US,1582271702,77,43.21,-75.46,9.97,15.8,2.44
Murmino,100,RU,1582271828,100,54.6,40.05,43.61,45,1.99
Rolla,1,US,1582271829,72,37.95,-91.77,15.94,18,3.36
Dukat,0,RU,1582271829,95,62.55,155.55,-19.55,-19.55,2.73
Madera,67,US,1582271829,66,37.17,-119.83,49.89,55.4,5.82
Kiama,90,AU,1582271829,77,-34.68,150.87,67.46,72,8.05
Hay River,40,CA,1582271830,58,60.82,-115.8,26.6,26.6,5.82
Manokwari,70,ID,1582271830,87,-0.87,134.08,75.94,75.94,10.85
Staryy Nadym,96,RU,1582271830,91,65.61,72.68,15.6,15.6,17.43
Dabrowa Tarnowska,100,PL,1582271830,80,50.17,20.99,38.53,42.01,10.2
Copacabana,75,CO,1582271830,100,6.35,-75.51,54.93,59,2.24
Coihueco,0,CL,1582271831,50,-36.62,-71.83,52.25,52.25,1.45
Jinchang,0,CN,1582271831,33,38.5,102.17,30.33,30.33,4.65
Port Elizabeth,0,ZA,1582271831,73,-33.92,25.57,73.4,73.4,6.93
Acarau,98,BR,1582271831,95,-2.89,-40.12,74.91,74.91,3.87
Surin,0,TH,1582271831,29,14.88,103.49,91.4,93.99,12.75
Port Hardy,75,CA,1582271832,86,50.7,-127.42,37.4,37.4,2.24
Alta Floresta,100,BR,1582271832,99,-9.88,-56.09,70.59,70.59,2.08
Novikovo,87,RU,1582271832,87,51.15,37.89,33.62,33.62,4.36
Christchurch,5,NZ,1582271622,41,-43.53,172.63,75.63,78.8,11.41
Lere,51,NG,1582271833,13,10.39,8.57,81.84,81.84,10.98
Pershotravneve,91,UA,1582271833,79,51.39,28.87,39.96,39.96,7
Goure,0,NE,1582271834,21,13.98,10.27,72,72,10
San Patricio,0,MX,1582271834,78,19.22,-104.7,75.63,75.63,1.59
Tazovsky,100,RU,1582271834,96,67.47,78.7,27.27,27.27,8.3
Burnie,4,AU,1582271834,57,-41.07,145.92,61.7,61.7,14.03
Diamantino,100,BR,1582271835,97,-14.41,-56.45,70.05,70.05,2.75
Hong Kong,0,HK,1582271792,47,22.29,114.16,71.38,75.99,16.11
Lamu,82,KE,1582271835,80,-2.27,40.9,81.54,81.54,10
Terenos,75,BR,1582271835,100,-20.44,-54.86,73.4,73.4,3.36
Presidencia Roque Saenz Pena,88,AR,1582271836,39,-26.79,-60.44,67.5,67.5,10.87
Brae,75,GB,1582271836,93,60.4,-1.35,43.57,44.6,36.91
Mareeba,90,AU,1582271836,94,-17,145.43,79.16,81,2.24
Nokaneng,0,BW,1582271836,41,-19.67,22.27,86.85,86.85,8.28
Lenguazaque,100,CO,1582271836,95,5.31,-73.71,48.04,48.04,2.24
Kalabo,46,ZM,1582271837,64,-14.97,22.68,80.56,80.56,6.13
Xacmaz,100,AZ,1582271837,80,41.46,48.81,43.38,43.38,12.59
Salgar,75,CO,1582271837,100,5.96,-75.97,54.73,59,2.24
Korla,0,CN,1582271838,40,41.76,86.15,31.98,31.98,4.59
Porto Santo,20,PT,1582271838,82,33.07,-16.34,56.17,57.2,5.82
Nemuro,40,JP,1582271838,63,43.32,145.57,28.4,28.4,8.05
Republic of El Salvador,0,SV,1582271756,73,13.83,-88.92,77,77,4.7
Cayenne,90,GF,1582271839,78,4.93,-52.33,77,77,1.12
Ajdabiya,49,LY,1582271839,64,30.76,20.23,60.42,60.42,14.16
Malpura,30,IN,1582271839,13,26.28,75.38,80.01,80.01,11.27
Mergen,100,CN,1582271839,89,49.18,125.22,13.75,13.75,7.45
Paamiut,100,GL,1582271839,60,61.99,-49.67,12.7,12.7,3.71
Navirai,100,BR,1582271840,90,-23.07,-54.19,68.31,68.31,4.29
Inza,100,RU,1582271840,98,53.85,46.36,31.68,31.68,3.69
Mapastepec,51,MX,1582271840,67,15.43,-92.9,73.9,73.9,4.52
Salinas,1,US,1582271840,70,36.68,-121.66,48.97,54,4.54
Kota Kinabalu,20,MY,1582271840,59,5.97,116.07,89.42,89.6,9.17
Emba,95,KZ,1582271841,87,48.83,58.14,23.67,23.67,8.88
Sola,0,VU,1582271841,76,-13.88,167.55,83.59,83.59,16.87
Celestun,0,MX,1582271841,85,20.87,-90.4,77.02,77.02,13.06
Vestnes,20,NO,1582271841,86,62.63,7.09,37.51,41,10.29
Redmond,1,US,1582271636,72,47.67,-122.12,36.45,42.01,4.21
Ndele,0,CF,1582271842,15,8.41,20.65,93.11,93.11,9.8
Madridejos,0,ES,1582271842,70,39.47,-3.53,32,32,2.24
Calexico,75,US,1582271842,33,32.68,-115.5,59.86,60.8,3.36
Barcelos,1,PT,1582271843,62,41.54,-8.62,48,53.6,12.75
Warman,5,CA,1582271843,78,52.32,-106.57,13.69,17.01,8.05
Caborca,100,MX,1582271843,75,30.58,-111.1,53.28,55.99,1.01
Ubatuba,100,BR,1582271843,82,-23.43,-45.07,78.48,78.48,7.43
Khani,40,GE,1582271843,70,41.96,42.96,48.2,48.2,2.24
Honningsvag,75,NO,1582271844,80,70.98,25.97,27.95,30.2,25.28
Lata,0,PT,1582271844,93,40.16,-8.33,45.55,50,3.36
Ust'-Barguzin,83,RU,1582271844,95,53.45,108.98,16.95,16.95,1.83
Kathmandu,75,NP,1582271683,77,27.72,85.32,60.8,60.8,8.05
Palembang,100,ID,1582271810,85,-2.92,104.75,81.57,81.57,4.43
San Juan del Sur,85,NI,1582271845,80,11.25,-85.87,78.82,78.82,25.3
Alakurtti,100,RU,1582271845,85,66.97,30.35,24.01,24.01,11.99
Hofn,100,IS,1582271845,84,64.25,-15.21,35.58,35.58,21.43
Bidar,0,IN,1582271845,21,17.9,77.55,90.12,90.12,9.13
Kaitangata,12,NZ,1582271845,65,-46.28,169.85,57.99,57.99,8.01
Kosino,86,RU,1582271846,100,58.41,51.28,32.34,32.34,3.98
Fukuecho,75,JP,1582271846,72,32.69,128.84,59.77,60.8,13.87
Hithadhoo,2,MV,1582271846,77,-0.6,73.08,84.49,84.49,14.61
Boa Vista,90,BR,1582271847,69,2.82,-60.67,77,77,10.29
Nikolayevka,100,RU,1582271847,87,53.13,47.2,32.99,32.99,1.74
Coupar Angus,40,GB,1582271847,87,56.55,-3.27,43.23,44.6,35.57
Port Blair,0,IN,1582271847,77,11.67,92.75,81.19,81.19,16.58
Yulara,5,AU,1582271848,11,-25.24,130.99,96.8,96.8,13.87
Wajima,75,JP,1582271848,54,37.4,136.9,46.4,46.4,6.93
Kumul,0,CN,1582271776,35,42.8,93.45,35.78,35.78,1.3
Faanui,63,PF,1582271869,80,-16.48,-151.75,81.64,81.64,16.31
Pandamatenga,92,BW,1582271869,55,-18.53,25.63,82.22,82.22,7.92
Safakulevo,11,RU,1582271869,89,54.99,62.54,31.21,31.21,7.36
Raha,22,IN,1582271869,43,26.23,92.52,79.16,79.16,4.41
Shitanjing,0,CN,1582271869,22,39.23,106.34,35.85,35.85,20.11
Palmer,1,US,1582271870,44,42.16,-72.33,14.49,19.4,3.36
Yaan,94,NG,1582271870,14,7.38,8.57,90.43,90.43,7.38
Humaita,100,BR,1582271870,99,-7.51,-63.02,73.6,73.6,1.23
Shahreza,0,IR,1582271870,35,32.03,51.88,50.16,50.16,4.03
Omboue,73,GA,1582271871,72,-1.57,9.26,84.58,84.58,3.13
Bambanglipuro,100,ID,1582271871,75,-7.95,110.28,82.22,82.22,7.78
Atar,0,MR,1582271871,9,20.52,-13.05,77.81,77.81,16.46
College,75,US,1582271872,92,64.86,-147.8,13.64,17.6,2.53
Sirte,100,LY,1582271872,58,31.21,16.59,58.68,58.68,9.93
Sukumo,88,JP,1582271872,71,32.93,132.73,53.92,53.92,9.6
Kenai,1,US,1582271872,92,60.55,-151.26,23.13,26.01,2.84
Cairns,90,AU,1582271646,94,-16.92,145.77,79.52,81,2.24
Kaya,3,BF,1582271873,11,13.09,-1.08,82.6,82.6,16.08
Stornoway,75,GB,1582271873,87,58.21,-6.39,50,50,32.21
Vitim,100,RU,1582271873,93,59.45,112.56,23.23,23.23,11.16
Katsuura,40,JP,1582271873,54,35.13,140.3,56.01,57.99,16.11
Pedasi,96,PA,1582271874,85,7.53,-80.03,77.7,77.7,14.92
Yarensk,74,RU,1582271874,93,62.17,49.09,21.11,21.11,1.14
Barra de Tecoanapa,0,MX,1582271874,51,16.52,-98.75,70.52,70.52,2.51
Kardailovo,100,RU,1582271875,93,51.54,53.9,31.93,31.93,7.2
Namatanai,0,PG,1582271875,77,-3.67,152.43,83.53,83.53,9.04
Poopo,100,BO,1582271875,78,-18.37,-66.97,46.89,46.89,4.52
Nisia Floresta,75,BR,1582271875,94,-6.09,-35.21,74.35,75.2,4.7
Nurota,99,UZ,1582271876,54,40.56,65.69,53.6,53.6,18.34
Horta,75,PT,1582271876,71,38.53,-28.63,57.2,57.2,10.29
Lavrentiya,0,RU,1582271876,92,65.58,-171,-17.16,-17.16,6.55
Dubbo,66,AU,1582271876,34,-32.25,148.62,80.6,80.6,8.05
Mul,0,IN,1582271876,27,20.07,79.67,93.13,93.13,6.6
Auki,100,SB,1582271877,76,-8.77,160.7,83.41,83.41,5.26
Souillac,20,MU,1582271877,58,-20.52,57.52,83.66,84.2,11.41
Kikerino,20,RU,1582271877,80,59.47,29.63,36.21,37,11.18
Kil,0,SE,1582271877,80,59.51,13.31,35.78,36,16.11
Straza,0,SI,1582271878,80,45.78,15.07,35.76,41,2.24
Pinheiro Machado,0,BR,1582271878,71,-31.58,-53.38,53.01,53.01,5.32
Yangi Marg`ilon,39,UZ,1582271878,37,40.43,71.72,50.23,51.8,2.66
Vila Velha,59,BR,1582271874,78,-20.33,-40.29,78.87,79,5.82
Vardo,75,NO,1582271878,92,70.37,31.11,25.52,26.6,50.55
Pangnirtung,100,CA,1582271879,99,66.15,-65.71,-38.47,-38.47,0.56
Ostrovnoy,68,RU,1582271879,77,68.05,39.51,21.72,21.72,37.98
Amberley,1,US,1582271879,73,39.2,-84.43,17.94,21,3.65
Batticaloa,38,LK,1582271880,82,7.71,81.69,82.27,82.27,10.38
Raudeberg,75,NO,1582271880,75,61.99,5.14,41.04,42.8,25.28
Vestmanna,100,FO,1582271880,75,62.16,-7.17,41,41,16.11
Nome,90,US,1582271880,65,64.5,-165.41,3.2,3.2,13.87
Lambarene,87,GA,1582271881,67,-0.7,10.24,85.66,85.66,2.37
Jardim,100,BR,1582271881,95,-21.48,-56.14,72.7,72.7,2.51
Zhoucheng,0,CN,1582271881,19,35.91,116.31,56.75,56.75,10.36
Mahibadhoo,0,MV,1582271881,79,3.78,72.97,83.14,83.14,17.52
Kaduqli,0,SD,1582271881,9,11.02,29.72,89.38,89.38,14.47
Ayan,0,RU,1582271882,75,56.45,138.17,-2.78,-2.78,6.49
Nioro,68,GM,1582271882,11,13.35,-15.75,79.79,79.79,7.67
Alice Springs,0,AU,1582271882,14,-23.7,133.88,93.2,93.2,16.11
Tamiahua,100,MX,1582271882,86,21.27,-97.45,62.2,62.2,29.08
Camacha,20,PT,1582271883,82,33.08,-16.33,56.17,57.2,5.82
Sampang,98,ID,1582271883,79,-7.19,113.24,82.47,82.47,15.46
Banda Aceh,21,ID,1582271883,61,5.56,95.32,85.48,85.48,11.41
Pathein,0,MM,1582271883,45,16.78,94.73,82.27,82.27,10.98
Altea,75,ES,1582271883,87,38.6,-0.05,50.54,54,2.24
Ust'-Kulom,95,RU,1582271884,95,61.69,53.69,24.78,24.78,3.42
Ouadda,36,CF,1582271884,15,8.08,22.4,92.07,92.07,10.04
Kirovo-Chepetsk,96,RU,1582271884,99,58.55,50.04,32.7,32.7,5.64
Beni Mazar,54,EG,1582271789,37,28.5,30.8,65.08,65.08,11.3
Lokosovo,100,RU,1582271884,98,61.13,74.82,32.25,32.25,5.26
Duekoue,68,CI,1582271885,74,6.75,-7.35,81.21,81.21,4.14
Setermoen,75,NO,1582271885,92,68.86,18.35,25.05,28,31.09
Nouadhibou,0,MR,1582271885,72,20.93,-17.03,62.6,62.6,20.8
Krasnoshchekovo,100,RU,1582271885,88,51.67,82.73,31.66,31.66,2.59
Ust'-Tarka,100,RU,1582271885,95,55.57,75.7,24.19,24.19,7.11
Alanya,75,TR,1582271655,100,36.54,32,51.8,51.8,5.82
Mayumba,20,GA,1582271886,85,-3.43,10.66,80.85,80.85,7.25
Aykhal,54,RU,1582271886,84,66,111.5,3.2,3.2,4.47
Alvaraes,100,BR,1582271886,94,-3.22,-64.8,75.27,75.27,1.9
Severnyy,41,RU,1582271886,84,50.68,36.55,37.4,37.4,4.47
Shimoda,20,JP,1582271887,54,34.67,138.95,50.97,57.2,3.36
Viesca,15,MX,1582271887,66,25.35,-102.8,53.01,53.01,5.99
Pemberton,68,CA,1582271887,77,50.32,-122.8,18.03,18.03,0.54
Clyde River,90,CA,1582271888,76,70.47,-68.59,-11.2,-11.2,13.87
Villaviciosa,40,ES,1582271888,100,43.48,-5.44,47.19,53.01,3.36
Yurginskoye,100,RU,1582271909,98,56.82,67.39,31.44,31.44,7.29
Berdigestyakh,100,RU,1582271909,96,62.1,126.7,8.02,8.02,3.91
Dingle,82,PH,1582271909,84,11,122.67,76.33,76.33,14.79
Kendari,100,ID,1582271909,91,-3.94,122.5,77.94,77.94,4.03
Puerto Escondido,16,MX,1582271910,63,15.85,-97.07,71.67,71.67,3.76
Sur,89,OM,1582271910,22,22.57,59.53,86.22,86.22,10.51
Los Llanos de Aridane,20,ES,1582271910,72,28.66,-17.92,60.8,60.8,3.36
Marabba,6,SD,1582271910,8,12.35,32.18,85.59,85.59,14.7
Bokoro,0,TD,1582271911,14,12.38,17.06,88.3,88.3,14.97
Riwaka,95,NZ,1582271911,87,-41.08,173,66.88,69.01,5.01
Grootfontein,75,NA,1582271911,78,-19.57,18.12,71.6,71.6,2.24
Mossamedes,75,AO,1582271912,78,-15.2,12.15,71.6,71.6,12.28
Hirara,40,JP,1582271912,73,24.8,125.28,72.46,73.4,11.41
Mannarakkat,20,IN,1582271912,52,10.98,76.47,89.62,91.4,4.7
Arrondissement de Morlaix,90,FR,1582271912,87,48.58,-4,43.97,48.2,8.05
Bima,100,ID,1582271912,94,-8.47,118.72,75.99,75.99,0.94
Sabang,9,ID,1582271913,75,5.89,95.32,83.25,83.25,28.25
Lerwick,75,GB,1582271913,81,60.15,-1.15,43.7,44.6,39.15
Ixtapa,5,MX,1582271913,100,20.7,-105.2,71.01,72,4.7
Jalu,100,LY,1582271913,51,29.03,21.55,60.58,60.58,14.07
Dera Bugti,38,PK,1582271913,22,29.03,69.15,72.73,72.73,4.38
Suba,40,PH,1582271914,78,10.84,121.01,79.84,79.84,27.49
Chernolesskoye,100,RU,1582271914,82,44.72,43.71,38.19,38.19,11.07
Qaqortoq,100,GL,1582271914,28,60.72,-46.03,30.2,30.2,11.41
Tomatlan,87,MX,1582271914,56,19.93,-105.25,67.62,67.62,3.18
Srednekolymsk,96,RU,1582271914,97,67.45,153.68,-12.73,-12.73,4.25
Inhambane,40,MZ,1582271915,62,-23.86,35.38,87.8,87.8,11.45
Mpongwe,100,ZM,1582271915,64,-13.51,28.16,80.8,80.8,3.47
Cabedelo,20,BR,1582271864,94,-6.98,-34.83,75.2,75.2,3.36
Moundou,8,TD,1582271915,39,8.57,16.08,78.8,78.8,9.17
Duluth,90,US,1582271747,71,46.78,-92.11,7.43,10,8.05
Aklavik,90,CA,1582271916,84,68.22,-135.01,6.8,6.8,5.82
Ballina,1,AU,1582271916,61,-28.87,153.57,77.27,80.6,10.29
Kholm-Zhirkovskiy,100,RU,1582271916,80,55.52,33.47,38.05,38.05,9.53
Talisayan,40,PH,1582271916,66,6.99,121.93,84.2,84.2,10.29
Sindor,94,RU,1582271916,91,62.86,51.89,18.86,18.86,1.21
Bridgeton,1,US,1582271917,53,39.43,-75.23,24.03,28.4,14.99
Yekaterinogradskaya,90,RU,1582271917,100,43.76,44.23,34.41,35.6,2.24
Kumluca,87,TR,1582271917,74,36.37,30.29,51.78,51.78,4.92
Ilheus,40,BR,1582271917,94,-14.79,-39.05,78.8,78.8,3.36
Uddevalla,20,SE,1582271918,86,58.35,11.94,39.87,43,10.29
Shyryayeve,0,UA,1582271918,66,47.38,30.2,39.25,39.25,4.07
Bayan,100,CN,1582271919,95,46.08,127.4,21.34,21.34,12.77
Burgeo,75,CA,1582271919,72,47.62,-57.62,13.66,13.66,26.28
Davila,20,PH,1582271919,48,18.47,120.58,87.8,87.8,10.29
Menzel Salem,1,TN,1582271920,64,35.86,8.48,35.6,35.6,4.7
Kalmunai,15,LK,1582271920,81,7.42,81.82,81.66,81.66,16.51
Zhigalovo,100,RU,1582271920,85,54.81,105.16,24.22,24.22,5.32
Rio Gallegos,20,AR,1582271920,62,-51.62,-69.22,53.6,53.6,10.29
Mount Gambier,0,AU,1582271828,48,-37.83,140.77,66.2,66.2,16.11
Denpasar,20,ID,1582271680,84,-8.65,115.22,86,86,10.29
Marzuq,1,YE,1582271921,16,14.4,46.47,85.66,85.66,7.2
Sawtell,90,AU,1582271921,65,-30.38,153.1,74.41,77,8.05
San Andres,40,CO,1582271921,78,12.58,-81.7,80.6,80.6,11.41
Shelburne,5,CA,1582271826,72,44.08,-80.2,11.44,17.01,10.29
La Providencia,40,MX,1582271866,55,28.72,-111.58,58.44,66,5.14
Lodja,87,CD,1582271922,58,-3.48,23.43,86.18,86.18,2.91
Williams Lake,90,CA,1582271923,63,52.14,-122.14,28.4,28.4,9.17
Toba,75,JP,1582271923,50,34.48,136.85,53.78,54,3.36
Huanren,100,CN,1582271923,98,41.26,125.37,31.78,31.78,9.28
Xudat,97,AZ,1582271923,84,41.63,48.68,39.25,39.25,4.94
Harper,49,LR,1582271924,75,4.38,-7.72,84.04,84.04,3.42
Guiyang,90,CN,1582271924,76,26.58,106.72,48.2,48.2,4.47
Chicago,1,US,1582271348,66,41.85,-87.65,11.44,15.01,13.69
Xichang,0,CN,1582271924,22,27.9,102.26,68,68,6.73
Seymchan,12,RU,1582271925,100,62.88,152.43,-26.73,-26.73,0.87
Krasnyy Yar,90,RU,1582271925,65,46.53,48.35,32,32,6.71
Sept-Iles,5,CA,1582271891,67,50.2,-66.38,-25.6,-25.6,2.24
Bend,1,US,1582271829,68,44.06,-121.32,24.78,28.99,3.36
Ponta Delgada,20,PT,1582271926,81,37.73,-25.67,48.2,48.2,5.82
Varadero,20,CU,1582271926,94,23.15,-81.25,71.6,71.6,5.82
St. Marys,90,US,1582271926,89,30.73,-81.55,43.97,46.99,13.87
Tramandai,100,BR,1582271926,66,-29.98,-50.13,69.08,69.08,18.01
General Pico,0,AR,1582271848,55,-35.66,-63.76,47.3,47.3,6.96
Shihezi,100,CN,1582271927,87,44.3,86.03,24.57,24.57,3.87
Ahipara,0,NZ,1582271927,85,-35.17,173.17,70.9,70.9,10.67
Custodia,100,BR,1582271927,88,-8.09,-37.64,71.89,71.89,3.31
Richards Bay,100,ZA,1582271927,83,-28.78,32.04,78.33,78.33,16.11
Chernyshevskiy,100,RU,1582271928,96,63.01,112.47,7.9,7.9,4.23
Palekastro,95,GR,1582271928,61,35.2,26.25,57,57,25.01
Kavaratti,20,IN,1582271928,66,10.57,72.64,87.8,87.8,4.7
Adrar,2,MR,1582271928,11,20.5,-10.07,73.47,73.47,16.96
Ust'-Koksa,100,RU,1582271928,78,50.27,85.61,25.29,25.29,5.77
Talcher,0,IN,1582271929,25,20.95,85.22,89.67,89.67,8.9
Uyemskiy,75,RU,1582271929,79,64.47,40.85,24.8,24.8,8.95
Polson,1,US,1582271929,85,47.69,-114.16,17.78,21.99,3.87
Khovd,5,MN,1582271929,59,48.01,91.64,12.61,12.61,4.45
Labuhan,100,ID,1582271929,82,-6.88,112.21,82.62,82.62,11.5
Ibia,100,BR,1582271930,93,-19.48,-46.54,66.11,66.2,2.24
Itarema,98,BR,1582271930,95,-2.92,-39.92,74.91,74.91,3.87
Paddhari,64,IN,1582271930,14,22.43,70.6,90.55,90.55,18.07
Kuching,40,MY,1582271930,74,1.55,110.33,86,86,11.41
Ionia,1,US,1582271709,72,42.99,-85.07,11.71,14,6.93
Shorewood,1,US,1582271724,72,41.52,-88.2,11.23,15.01,5.82
Zyryanka,31,RU,1582271951,87,65.75,150.85,-18.71,-18.71,8.23
Abu Kamal,91,SY,1582271951,49,34.45,40.92,59.52,59.52,3.87
Deputatsky,100,RU,1582271952,96,69.3,139.9,-4.9,-4.9,1.79
Naze,20,JP,1582271952,60,28.37,129.48,68,68,9.17
Songea,40,TZ,1582271952,78,-10.68,35.65,75.2,75.2,2.24
Yebaishou,67,CN,1582271952,46,41.4,119.64,31.19,31.19,11.74
Chattanooga,1,US,1582271714,87,35.05,-85.31,30.67,33.8,8.05
Juan Lacaze,0,UY,1582271953,81,-34.43,-57.44,55,55,5.01
Vaitape,63,PF,1582271953,80,-16.52,-151.75,81.64,81.64,16.31
Surab,0,PK,1582271953,23,28.49,66.26,55.53,55.53,6.87
Talara,0,PE,1582271953,91,-4.58,-81.27,75,75,6.8
Lypova Dolyna,44,UA,1582271954,66,50.56,33.8,38.23,38.23,4.23
